{"cameraMode":{"drawMode":0,"name":"Shaded","section":"Shading Mode"},"sceneLighting":true,"audioPlay":false,"sceneViewState":{"showFog":true,"showMaterialUpdate":false,"showSkybox":true,"showFlares":true,"showImageEffects":true,"showParticleSystems":true},"in2DMode":false,"pivot":{"x":-2.6677441596984865,"y":4.897581100463867,"z":-1.9682691097259522},"rotation":{"x":0.09045064449310303,"y":-0.8709906339645386,"z":0.17502403259277345,"w":0.45010364055633547},"size":3.595334053039551,"orthographic":false}