{"cameraMode":{"drawMode":0,"name":"Shaded","section":"Shading Mode"},"sceneLighting":false,"audioPlay":false,"sceneViewState":{"m_AlwaysRefresh":false,"showFog":true,"showSkybox":false,"showFlares":true,"showImageEffects":true,"showParticleSystems":true,"showVisualEffectGraphs":true,"m_FxEnabled":true},"in2DMode":false,"pivot":{"x":0.9738461971282959,"y":-0.2946305572986603,"z":-55.47346115112305},"rotation":{"x":0.0027992120012640955,"y":-0.9815242290496826,"z":-0.014421161264181137,"w":-0.19082798063755036},"size":1.5797702074050904,"orthographic":false}